table,column,dtype,is_key,null_count,null_pct,max_text_length,provenance
country,iso3,object,True,0,0.0,3.0,REAL
country,iso2,object,False,177,81.567,2.0,AUTHORED
country,name,object,False,0,0.0,30.0,REAL
country,region,object,False,0,0.0,26.0,REAL
country,income_group,object,False,0,0.0,19.0,REAL
country,retail_label,object,False,181,83.41,20.0,AUTHORED
country,provenance,object,False,0,0.0,4.0,REAL
port,port_id,int64,True,0,0.0,,REAL
port,port_name,object,False,0,0.0,35.0,REAL
port,country_iso2,object,False,0,0.0,2.0,REAL
port,country_iso3,object,False,1259,34.315,3.0,DERIVED
port,latitude,float64,False,0,0.0,,REAL
port,longitude,float64,False,0,0.0,,REAL
port,harbor_size,object,False,5,0.136,1.0,REAL
port,harbor_type,object,False,7,0.191,2.0,REAL
port,source,object,False,0,0.0,45.0,REAL
port,provenance,object,False,0,0.0,4.0,REAL
product,product_id,object,True,0,0.0,9.0,REAL
product,product_name,object,False,0,0.0,35.0,REAL
product,avg_unit_price_gbp,float64,False,5,0.132,,DERIVED
product,abc_class,object,False,0,0.0,1.0,DERIVED
product,net_units,int64,False,0,0.0,,DERIVED
product,net_revenue_gbp,float64,False,0,0.0,,DERIVED
product,active_days,int64,False,0,0.0,,DERIVED
product,first_sale_date,datetime64[ns],False,5,0.132,,DERIVED
product,last_sale_date,datetime64[ns],False,5,0.132,,DERIVED
product,is_forecast_series,bool,False,0,0.0,,DERIVED
product,provenance,object,False,0,0.0,4.0,REAL
warehouse,warehouse_id,object,True,0,0.0,7.0,SYNTHETIC
warehouse,warehouse_name,object,False,0,0.0,29.0,SYNTHETIC
warehouse,city,object,False,0,0.0,7.0,SYNTHETIC
warehouse,country_iso3,object,False,0,0.0,3.0,SYNTHETIC
warehouse,nearest_port_id,Int64,False,1,33.333,,SYNTHETIC
warehouse,provenance,object,False,0,0.0,9.0,SYNTHETIC
supplier,supplier_id,object,True,0,0.0,4.0,SYNTHETIC
supplier,supplier_name,object,False,0,0.0,23.0,SYNTHETIC
supplier,city,object,False,0,0.0,16.0,SYNTHETIC
supplier,country_iso3,object,False,0,0.0,3.0,SYNTHETIC
supplier,region,object,False,0,0.0,11.0,SYNTHETIC
supplier,risk_level,object,False,0,0.0,6.0,SYNTHETIC
supplier,origin_port_id,Int64,False,2,25.0,,SYNTHETIC
supplier,provenance,object,False,0,0.0,9.0,SYNTHETIC
supplier_product,supplier_id,object,True,0,0.0,4.0,SYNTHETIC
supplier_product,product_id,object,True,0,0.0,6.0,SYNTHETIC
supplier_product,capacity,int64,False,0,0.0,,SYNTHETIC
supplier_product,unit_cost,float64,False,0,0.0,,SYNTHETIC
supplier_product,lead_time_days,int64,False,0,0.0,,SYNTHETIC
supplier_product,reliability,float64,False,0,0.0,,SYNTHETIC
supplier_product,provenance,object,False,0,0.0,9.0,SYNTHETIC
route,route_id,object,True,0,0.0,12.0,SYNTHETIC
route,origin,object,False,0,0.0,9.0,SYNTHETIC
route,destination,object,False,0,0.0,9.0,SYNTHETIC
route,origin_port_id,int64,False,0,0.0,,AUTHORED
route,destination_port_id,int64,False,0,0.0,,AUTHORED
route,transport_mode,object,False,0,0.0,4.0,SYNTHETIC
route,lane_role,object,False,0,0.0,11.0,SYNTHETIC
route,via,object,False,0,0.0,4.0,DERIVED
route,chokepoints,object,False,0,0.0,62.0,DERIVED
route,distance_km,float64,False,0,0.0,,DERIVED
route,distance_basis,object,False,0,0.0,22.0,SYNTHETIC
route,legacy_distance_km,float64,False,2,20.0,,DERIVED
route,capacity,int64,False,0,0.0,,SYNTHETIC
route,transit_time_days,float64,False,0,0.0,,DERIVED
route,cost_per_unit,float64,False,0,0.0,,SYNTHETIC
route,route_note,object,False,0,0.0,134.0,SYNTHETIC
route,provenance,object,False,0,0.0,9.0,SYNTHETIC
tariff,origin_iso3,object,True,0,0.0,3.0,REAL
tariff,dest_iso3,object,True,0,0.0,3.0,REAL
tariff,hs_section,object,True,0,0.0,3.0,REAL
tariff,effective_year,int64,True,0,0.0,,REAL
tariff,tariff_rate_pct,float64,False,0,0.0,,REAL
tariff,is_country_level_proxy,bool,False,0,0.0,,REAL
tariff,quality_flag,object,False,0,0.0,26.0,REAL
tariff,source,object,False,0,0.0,87.0,REAL
tariff,provenance,object,False,0,0.0,4.0,REAL
disruption_event,event_id,object,True,0,0.0,35.0,AUTHORED
disruption_event,event_type,object,False,0,0.0,18.0,AUTHORED
disruption_event,location,object,False,0,0.0,34.0,AUTHORED
disruption_event,start_ts,datetime64[ns],False,0,0.0,,AUTHORED
disruption_event,end_ts,datetime64[ns],False,1,25.0,,AUTHORED
disruption_event,severity,object,False,0,0.0,8.0,AUTHORED
disruption_event,estimated_delay_days,float64,False,1,25.0,,AUTHORED
disruption_event,status,object,False,0,0.0,10.0,AUTHORED
disruption_event,source_note,object,False,0,0.0,192.0,AUTHORED
disruption_event,verification_status,object,False,0,0.0,23.0,AUTHORED
disruption_event,provenance,object,False,0,0.0,8.0,AUTHORED
disruption_impact,event_id,object,True,0,0.0,17.0,AUTHORED
disruption_impact,entity_type,object,True,0,0.0,5.0,AUTHORED
disruption_impact,entity_id,object,True,0,0.0,12.0,AUTHORED
disruption_impact,delay_days,float64,False,0,0.0,,AUTHORED
disruption_impact,capacity_factor,float64,False,0,0.0,,AUTHORED
disruption_impact,basis,object,False,0,0.0,113.0,AUTHORED
disruption_impact,provenance,object,False,0,0.0,8.0,AUTHORED
scenario,scenario_id,object,True,0,0.0,17.0,SYNTHETIC
scenario,scenario_name,object,False,0,0.0,48.0,SYNTHETIC
scenario,description,object,False,0,0.0,173.0,SYNTHETIC
scenario,scenario_type,object,False,0,0.0,12.0,SYNTHETIC
scenario,is_modeled,bool,False,0,0.0,,SYNTHETIC
scenario,based_on_event_id,object,False,8,88.889,17.0,SYNTHETIC
scenario,source,object,False,0,0.0,38.0,SYNTHETIC
scenario,provenance,object,False,0,0.0,9.0,SYNTHETIC
scenario_state,scenario_id,object,True,0,0.0,17.0,SYNTHETIC
scenario_state,entity_type,object,True,0,0.0,8.0,SYNTHETIC
scenario_state,entity_id,object,True,0,0.0,12.0,SYNTHETIC
scenario_state,status,object,False,0,0.0,9.0,SYNTHETIC
scenario_state,capacity_factor,float64,False,0,0.0,,SYNTHETIC
scenario_state,basis,object,False,0,0.0,125.0,SYNTHETIC
scenario_state,provenance,object,False,0,0.0,9.0,SYNTHETIC
scenario_param,scenario_id,object,True,0,0.0,17.0,SYNTHETIC
scenario_param,param_key,object,True,0,0.0,14.0,SYNTHETIC
scenario_param,qualifier,object,True,0,0.0,3.0,SYNTHETIC
scenario_param,param_value,float64,False,4,40.0,,SYNTHETIC
scenario_param,param_text,object,False,6,60.0,8.0,SYNTHETIC
scenario_param,unit,object,False,0,0.0,17.0,SYNTHETIC
scenario_param,basis,object,False,0,0.0,48.0,SYNTHETIC
scenario_param,provenance,object,False,0,0.0,9.0,SYNTHETIC
inventory_policy,warehouse_id,object,True,0,0.0,7.0,SYNTHETIC
inventory_policy,demand_share,float64,False,0,0.0,,SYNTHETIC
inventory_policy,cover_multiplier,float64,False,0,0.0,,SYNTHETIC
inventory_policy,safety_multiplier,float64,False,0,0.0,,SYNTHETIC
inventory_policy,target_days_of_cover,int64,False,0,0.0,,SYNTHETIC
inventory_policy,safety_days,int64,False,0,0.0,,SYNTHETIC
inventory_policy,replenish_days,int64,False,0,0.0,,SYNTHETIC
inventory_policy,replenishment_lead_time_days,int64,False,0,0.0,,SYNTHETIC
inventory_policy,provenance,object,False,0,0.0,9.0,SYNTHETIC
inventory,warehouse_id,object,True,0,0.0,7.0,SYNTHETIC
inventory,product_id,object,True,0,0.0,6.0,SYNTHETIC
inventory,date,datetime64[ns],True,0,0.0,,SYNTHETIC
inventory,opening_stock,int64,False,0,0.0,,SYNTHETIC
inventory,inbound_quantity,int64,False,0,0.0,,SYNTHETIC
inventory,outbound_quantity,int64,False,0,0.0,,SYNTHETIC
inventory,closing_stock,int64,False,0,0.0,,SYNTHETIC
inventory,safety_stock,int64,False,0,0.0,,SYNTHETIC
inventory,reorder_point,int64,False,0,0.0,,SYNTHETIC
inventory,demand_quantity,int64,False,0,0.0,,SYNTHETIC
inventory,unfilled_quantity,int64,False,0,0.0,,SYNTHETIC
inventory,stockout_flag,bool,False,0,0.0,,SYNTHETIC
inventory,provenance,object,False,0,0.0,9.0,SYNTHETIC
demand,date,datetime64[ns],True,0,0.0,,DERIVED
demand,product_id,object,True,0,0.0,9.0,DERIVED
demand,location_id,object,True,0,0.0,20.0,DERIVED
demand,country_iso3,object,False,0,0.0,3.0,DERIVED
demand,demand_quantity,int64,False,0,0.0,,DERIVED
demand,n_order_lines,int64,False,0,0.0,,DERIVED
demand,n_outlier_lines,int64,False,0,0.0,,DERIVED
demand,provenance,object,False,0,0.0,7.0,DERIVED
demand_modeling_panel,date,datetime64[ns],True,0,0.0,,DERIVED
demand_modeling_panel,product_id,object,True,0,0.0,6.0,DERIVED
demand_modeling_panel,location_id,object,True,0,0.0,14.0,DERIVED
demand_modeling_panel,demand_quantity,int64,False,0,0.0,,DERIVED
demand_modeling_panel,lag_1,float64,False,40,0.267,,DERIVED
demand_modeling_panel,lag_2,float64,False,80,0.535,,DERIVED
demand_modeling_panel,lag_7,float64,False,280,1.872,,DERIVED
demand_modeling_panel,lag_14,float64,False,560,3.743,,DERIVED
demand_modeling_panel,lag_28,float64,False,1120,7.487,,DERIVED
demand_modeling_panel,rolling_mean_7,float64,False,40,0.267,,DERIVED
demand_modeling_panel,rolling_mean_14,float64,False,40,0.267,,DERIVED
demand_modeling_panel,rolling_mean_28,float64,False,40,0.267,,DERIVED
demand_modeling_panel,day_of_week,int32,False,0,0.0,,DERIVED
demand_modeling_panel,month,int32,False,0,0.0,,DERIVED
demand_modeling_panel,disruption_active,bool,False,0,0.0,,DERIVED
demand_modeling_panel,split,object,False,0,0.0,5.0,DERIVED
demand_modeling_panel,has_outlier_line,bool,False,0,0.0,,DERIVED
demand_modeling_panel,provenance,object,False,0,0.0,7.0,DERIVED
sales_order_line,order_id,object,True,0,0.0,6.0,REAL
sales_order_line,line_no,int64,True,0,0.0,,REAL
sales_order_line,source_row,int64,False,0,0.0,,REAL
sales_order_line,product_id,object,False,0,0.0,9.0,REAL
sales_order_line,quantity_gross,int64,False,0,0.0,,REAL
sales_order_line,quantity_cancelled,int64,False,0,0.0,,DERIVED
sales_order_line,quantity_net,int64,False,0,0.0,,DERIVED
sales_order_line,unit_price_gbp,float64,False,0,0.0,,REAL
sales_order_line,order_ts,datetime64[ns],False,0,0.0,,REAL
sales_order_line,customer_id,float64,False,131186,25.13,,REAL
sales_order_line,location_id,object,False,0,0.0,20.0,REAL
sales_order_line,country_iso3,object,False,0,0.0,3.0,DERIVED
sales_order_line,is_quantity_outlier,bool,False,0,0.0,,DERIVED
sales_order_line,provenance,object,False,0,0.0,4.0,REAL
tariff_latest,origin_iso3,object,True,0,0.0,3.0,REAL
tariff_latest,country_name,object,False,0,0.0,30.0,REAL
tariff_latest,latest_year,Int64,False,29,13.364,,REAL
tariff_latest,tariff_rate_pct,float64,False,29,13.364,,REAL
tariff_latest,reference_year,int64,False,0,0.0,,DERIVED
tariff_latest,staleness_years,Int64,False,29,13.364,,DERIVED
tariff_latest,data_status,object,False,0,0.0,7.0,DERIVED
tariff_latest,quality_flag,object,False,29,13.364,12.0,REAL
tariff_latest,source,object,False,0,0.0,87.0,REAL
tariff_latest,provenance,object,False,0,0.0,4.0,REAL
weather_event_noaa,event_id,object,True,0,0.0,12.0,REAL
weather_event_noaa,event_type,object,False,0,0.0,26.0,REAL
weather_event_noaa,state,object,False,0,0.0,20.0,DERIVED
weather_event_noaa,location,object,False,0,0.0,25.0,DERIVED
weather_event_noaa,start_ts,datetime64[ns],False,0,0.0,,REAL
weather_event_noaa,end_ts,datetime64[ns],False,0,0.0,,REAL
weather_event_noaa,severity,object,False,0,0.0,8.0,DERIVED
weather_event_noaa,damage_property_usd,float64,False,0,0.0,,DERIVED
weather_event_noaa,damage_crops_usd,float64,False,0,0.0,,DERIVED
weather_event_noaa,casualties,int64,False,0,0.0,,DERIVED
weather_event_noaa,begin_lat,float64,False,27611,39.557,,REAL
weather_event_noaa,begin_lon,float64,False,27611,39.557,,REAL
weather_event_noaa,magnitude,float64,False,33334,47.756,,REAL
weather_event_noaa,magnitude_type,object,False,42297,60.597,2.0,REAL
weather_event_noaa,source,object,False,0,0.0,37.0,REAL
weather_event_noaa,provenance,object,False,0,0.0,4.0,REAL
ntm_prevalence_sector,reporter_iso3,object,True,0,0.0,3.0,REAL
ntm_prevalence_sector,sector,object,True,0,0.0,21.0,REAL
ntm_prevalence_sector,ntm_type_count_bucket,object,True,0,0.0,8.0,REAL
ntm_prevalence_sector,share_pct,float64,False,0,0.0,,REAL
ntm_prevalence_sector,affected_product_count,int64,False,0,0.0,,REAL
ntm_prevalence_sector,source,object,False,0,0.0,156.0,REAL
ntm_prevalence_sector,provenance,object,False,0,0.0,4.0,REAL
supply_chain_pressure_index,date,datetime64[ns],True,0,0.0,,REAL
supply_chain_pressure_index,cpi_us,float64,False,0,0.0,,REAL
supply_chain_pressure_index,cpi_goods,float64,False,0,0.0,,REAL
supply_chain_pressure_index,cpi_services,float64,False,0,0.0,,REAL
supply_chain_pressure_index,indpro,float64,False,0,0.0,,REAL
supply_chain_pressure_index,oil_price,float64,False,3,1.01,,REAL
supply_chain_pressure_index,gscpi,float64,False,0,0.0,,REAL
supply_chain_pressure_index,cpi_yoy,float64,False,0,0.0,,REAL
supply_chain_pressure_index,cpi_goods_yoy,float64,False,0,0.0,,REAL
supply_chain_pressure_index,cpi_services_yoy,float64,False,0,0.0,,REAL
supply_chain_pressure_index,indpro_yoy,float64,False,0,0.0,,REAL
supply_chain_pressure_index,oil_yoy,float64,False,3,1.01,,REAL
supply_chain_pressure_index,dwell_composite,float64,False,96,32.323,,REAL
supply_chain_pressure_index,dwell_la_raw,float64,False,96,32.323,,REAL
supply_chain_pressure_index,la_unique_vessels,float64,False,96,32.323,,REAL
supply_chain_pressure_index,dwell_la_detrended,float64,False,96,32.323,,REAL
supply_chain_pressure_index,source,object,False,0,0.0,198.0,REAL
supply_chain_pressure_index,provenance,object,False,0,0.0,4.0,REAL
geopolitical_event_synthetic,event_id,object,True,0,0.0,8.0,SYNTHETIC
geopolitical_event_synthetic,event_date,datetime64[ns],False,0,0.0,,SYNTHETIC
geopolitical_event_synthetic,event_type,object,False,0,0.0,18.0,SYNTHETIC
geopolitical_event_synthetic,severity,int64,False,0,0.0,,SYNTHETIC
geopolitical_event_synthetic,affected_region,object,False,0,0.0,13.0,SYNTHETIC
geopolitical_event_synthetic,duration_days,int64,False,0,0.0,,SYNTHETIC
geopolitical_event_synthetic,risk_increase,float64,False,0,0.0,,SYNTHETIC
geopolitical_event_synthetic,is_named_real_event,bool,False,0,0.0,,SYNTHETIC
geopolitical_event_synthetic,source,object,False,0,0.0,104.0,SYNTHETIC
geopolitical_event_synthetic,provenance,object,False,0,0.0,9.0,SYNTHETIC
trade_route_synthetic,week_date,datetime64[ns],True,0,0.0,,SYNTHETIC
trade_route_synthetic,route_id,object,True,0,0.0,6.0,SYNTHETIC
trade_route_synthetic,trade_volume_tonnes,float64,False,0,0.0,,SYNTHETIC
trade_route_synthetic,shipping_delay_days,float64,False,0,0.0,,SYNTHETIC
trade_route_synthetic,freight_cost_usd,float64,False,0,0.0,,SYNTHETIC
trade_route_synthetic,container_availability_index,float64,False,0,0.0,,SYNTHETIC
trade_route_synthetic,port_congestion_index,float64,False,0,0.0,,SYNTHETIC
trade_route_synthetic,fuel_cost_index,float64,False,0,0.0,,SYNTHETIC
trade_route_synthetic,commodity_price_index,float64,False,0,0.0,,SYNTHETIC
trade_route_synthetic,weather_disruption_score,float64,False,0,0.0,,SYNTHETIC
trade_route_synthetic,geopolitical_risk_score,float64,False,0,0.0,,SYNTHETIC
trade_route_synthetic,route_status,object,False,0,0.0,9.0,SYNTHETIC
trade_route_synthetic,carbon_emissions_tonnes,float64,False,0,0.0,,SYNTHETIC
trade_route_synthetic,origin_country,object,False,0,0.0,14.0,SYNTHETIC
trade_route_synthetic,destination_country,object,False,0,0.0,14.0,SYNTHETIC
trade_route_synthetic,distance_km,int64,False,0,0.0,,SYNTHETIC
trade_route_synthetic,shipping_method,object,False,0,0.0,4.0,SYNTHETIC
trade_route_synthetic,trade_route_type,object,False,0,0.0,14.0,SYNTHETIC
trade_route_synthetic,estimated_transit_days,int64,False,0,0.0,,SYNTHETIC
trade_route_synthetic,Route_Risk_Score,float64,False,0,0.0,,SYNTHETIC
trade_route_synthetic,source,object,False,0,0.0,104.0,SYNTHETIC
trade_route_synthetic,provenance,object,False,0,0.0,9.0,SYNTHETIC
commodity_market_synthetic,week_date,datetime64[ns],True,0,0.0,,SYNTHETIC
commodity_market_synthetic,oil_price,float64,False,0,0.0,,SYNTHETIC
commodity_market_synthetic,natural_gas_price,float64,False,0,0.0,,SYNTHETIC
commodity_market_synthetic,steel_price,float64,False,0,0.0,,SYNTHETIC
commodity_market_synthetic,wheat_price,float64,False,0,0.0,,SYNTHETIC
commodity_market_synthetic,copper_price,float64,False,0,0.0,,SYNTHETIC
commodity_market_synthetic,commodity_stress_index,float64,False,0,0.0,,SYNTHETIC
commodity_market_synthetic,source,object,False,0,0.0,104.0,SYNTHETIC
commodity_market_synthetic,provenance,object,False,0,0.0,9.0,SYNTHETIC
country_metadata_synthetic,country_name,object,False,0,0.0,14.0,SYNTHETIC
country_metadata_synthetic,iso3,object,True,0,0.0,3.0,SYNTHETIC
country_metadata_synthetic,region,object,False,0,0.0,25.0,SYNTHETIC
country_metadata_synthetic,income_group,object,False,0,0.0,19.0,SYNTHETIC
country_metadata_synthetic,population,int64,False,0,0.0,,SYNTHETIC
country_metadata_synthetic,gdp_per_capita,int64,False,0,0.0,,SYNTHETIC
country_metadata_synthetic,trade_dependency_score,float64,False,0,0.0,,SYNTHETIC
country_metadata_synthetic,port_capacity_index,float64,False,0,0.0,,SYNTHETIC
country_metadata_synthetic,logistics_performance_index,float64,False,0,0.0,,SYNTHETIC
country_metadata_synthetic,source,object,False,0,0.0,104.0,SYNTHETIC
country_metadata_synthetic,provenance,object,False,0,0.0,9.0,SYNTHETIC
