route_id,origin,destination,origin_port_id,destination_port_id,transport_mode,lane_role,via,chokepoints,distance_km,distance_basis,legacy_distance_km,capacity,transit_time_days,cost_per_unit,route_note,provenance
SHA-ROT-SUEZ,Shanghai,Rotterdam,59970,31140,sea,PRIMARY,SUEZ,Strait of Malacca|Bab-el-Mandeb|Suez Canal|Strait of Gibraltar,20040.6,WAYPOINT_POLYLINE,11425.6,8000,25.0,240.49,Distance re-derived along the map's sea-lane waypoints (A11),SYNTHETIC
SHA-ROT-CAPE,Shanghai,Rotterdam,59970,31140,sea,ALTERNATIVE,CAPE,Strait of Malacca|Cape of Good Hope,27457.5,WAYPOINT_POLYLINE,22618.8,8000,34.3,329.49,Distance re-derived along the map's sea-lane waypoints (A11),SYNTHETIC
SIN-ROT-SUEZ,Singapore,Rotterdam,50000,31140,sea,PRIMARY,SUEZ,Strait of Malacca|Bab-el-Mandeb|Suez Canal|Strait of Gibraltar,15927.7,WAYPOINT_POLYLINE,11406.6,8000,19.9,191.13,Distance re-derived along the map's sea-lane waypoints (A11),SYNTHETIC
SIN-ROT-CAPE,Singapore,Rotterdam,50000,31140,sea,ALTERNATIVE,CAPE,Strait of Malacca|Cape of Good Hope,23344.6,WAYPOINT_POLYLINE,19304.7,8000,29.2,280.13,Distance re-derived along the map's sea-lane waypoints (A11),SYNTHETIC
MUM-ROT-SUEZ,Mumbai,Rotterdam,48840,31140,sea,PRIMARY,SUEZ,Bab-el-Mandeb|Suez Canal|Strait of Gibraltar,12350.4,WAYPOINT_POLYLINE,7500.3,8000,15.4,148.2,Distance re-derived along the map's sea-lane waypoints (A11),SYNTHETIC
MUM-ROT-CAPE,Mumbai,Rotterdam,48840,31140,sea,ALTERNATIVE,CAPE,Cape of Good Hope,21379.0,WAYPOINT_POLYLINE,,8000,26.7,256.55,Added: Cape alternative for the Suez and Red Sea scenarios; waypoints authored in cleaned/network.py (A11),SYNTHETIC
CHE-ROT-SUEZ,Chennai,Rotterdam,49450,31140,sea,PRIMARY,SUEZ,Bab-el-Mandeb|Suez Canal|Strait of Gibraltar,14256.7,WAYPOINT_POLYLINE,8510.3,8000,17.8,171.08,Distance re-derived along the map's sea-lane waypoints (A11),SYNTHETIC
CHE-ROT-CAPE,Chennai,Rotterdam,49450,31140,sea,ALTERNATIVE,CAPE,Cape of Good Hope,21673.6,WAYPOINT_POLYLINE,,8000,27.1,260.08,Added: Cape alternative for the Suez and Red Sea scenarios; waypoints authored in cleaned/network.py (A11),SYNTHETIC
SHA-ROT-RAIL,Shanghai,Rotterdam,59970,31140,rail,ALTERNATIVE,RAIL,,11000.0,REPORTED_SERVICE_RANGE,11000.0,2000,16.5,480.98,"China-Europe Railway Express range as reported publicly, applied to Shanghai; Rotterdam stands in for the real terminus Duisburg (A12)",SYNTHETIC
SHA-ROT-AIR,Shanghai,Rotterdam,59970,31140,air,ALTERNATIVE,AIR,,8931.2,GREAT_CIRCLE,8931.2,200,1.97,1442.94,"A great circle is the correct model for an aircraft, unlike a ship (A12)",SYNTHETIC
