supplier_id,product_id,capacity,unit_cost,lead_time_days,reliability,provenance
S001,85099B,9508,113.52,7,0.8,SYNTHETIC
S002,22197,9809,110.04,5,0.82,SYNTHETIC
S003,22197,6566,91.1,5,0.95,SYNTHETIC
S003,85099B,8504,86.05,4,0.95,SYNTHETIC
S004,22197,8363,99.17,4,0.97,SYNTHETIC
S004,84077,8579,110.14,10,0.93,SYNTHETIC
S005,22197,4138,118.44,11,0.83,SYNTHETIC
S005,84077,6458,96.39,7,0.87,SYNTHETIC
S005,85099B,4246,108.93,6,0.84,SYNTHETIC
S006,22197,5719,110.71,8,0.9,SYNTHETIC
S007,22197,3233,94.24,8,0.85,SYNTHETIC
S008,22197,4299,100.43,8,0.93,SYNTHETIC
S008,84077,3260,97.18,7,0.97,SYNTHETIC
S008,85099B,2443,105.07,6,0.95,SYNTHETIC
